INSERT INTO COMCODE
(CREATED_DT,CREATED_USER_ID,CREATED_HOST_IP,CREATED_APP_URL,MODIFIED_DT,MODIFIED_USER_ID,MODIFIED_HOST_IP,MODIFIED_APP_URL,SYSTEM_TYPE_CODE,CODE_ID,CODE,CODE_NAME,CODE_NAME_ABBR,P_CODE_ID,FROM_DT,TO_DT,HIERARCHY_LEVEL,PRT_SEQ,LOW_LEVEL_CODE_LENGTH,CMT)
VALUES('2022-10-25','0011','local','local','2022-10-25','0011','local','local','COM','ORG_CD','ORG_CD','조직코드','',NULL,'2001-01-01','9999-12-31',1,0,3,NULL);
INSERT INTO COMCODE
(CREATED_DT,CREATED_USER_ID,CREATED_HOST_IP,CREATED_APP_URL,MODIFIED_DT,MODIFIED_USER_ID,MODIFIED_HOST_IP,MODIFIED_APP_URL,SYSTEM_TYPE_CODE,CODE_ID,CODE,CODE_NAME,CODE_NAME_ABBR,P_CODE_ID,FROM_DT,TO_DT,HIERARCHY_LEVEL,PRT_SEQ,LOW_LEVEL_CODE_LENGTH,CMT)
VALUES('2022-10-25','0011','local','local','2022-10-25','0011','local','local','COM','ORG_CD001','001','테스트조직','','ORG_CD','2001-01-01','9999-12-31',2,0,0,NULL);

INSERT INTO COMDEPT
(CREATED_DT,CREATED_USER_ID,CREATED_HOST_IP,CREATED_APP_URL,MODIFIED_DT,MODIFIED_USER_ID,MODIFIED_HOST_IP,MODIFIED_APP_URL,DEPT_ID,ORG_CD,DEPT_CD,P_DEPT_ID,DEPT_NM_KOR,DEPT_ABBR_KOR,DEPT_NM_ENG,DEPT_ABBR_ENG,FROM_DT,TO_DT,PRT_SEQ,CMT)
VALUES('2022-10-25','0011','local','local','2022-10-25','0011','local','local','001A','001','A',NULL,'A팀',NULL,'ATEAM',NULL,'2001-01-01','9999-12-31',1,NULL);
INSERT INTO COMDEPT
(CREATED_DT,CREATED_USER_ID,CREATED_HOST_IP,CREATED_APP_URL,MODIFIED_DT,MODIFIED_USER_ID,MODIFIED_HOST_IP,MODIFIED_APP_URL,DEPT_ID,ORG_CD,DEPT_CD,P_DEPT_ID,DEPT_NM_KOR,DEPT_ABBR_KOR,DEPT_NM_ENG,DEPT_ABBR_ENG,FROM_DT,TO_DT,PRT_SEQ,CMT)
VALUES('2022-10-25','0011','local','local','2022-10-25','0011','local','local','001B','001','B',NULL,'B팀',NULL,'BTEAM',NULL,'2001-01-01','9999-12-31',1,NULL);

INSERT INTO comresource
(CREATED_DT, CREATED_USER_ID, MODIFIED_DT, MODIFIED_USER_ID, RESOURCE_ID, RESOURCE_NAME, RESOURCE_TYPE, URL, DESCRIPTION)
VALUES('2018-04-10 23:14:32', '2018-04-10 23:14:32', '2019-08-20 23:15:18', '1', 'COM001', '사용자등록', 'APP', 'home/user', '시스템 사용자 등록 프로그램');
INSERT INTO comresource
(CREATED_DT, CREATED_USER_ID, MODIFIED_DT, MODIFIED_USER_ID, RESOURCE_ID, RESOURCE_NAME, RESOURCE_TYPE, URL, DESCRIPTION)
VALUES('2019-08-20 22:44:30', '1', '2019-08-20 22:44:30', '1', 'COM002', '권한등록', 'APP', 'home/auth', '사용자 권한 등록 프로그램');
INSERT INTO comresource
(CREATED_DT, CREATED_USER_ID, MODIFIED_DT, MODIFIED_USER_ID, RESOURCE_ID, RESOURCE_NAME, RESOURCE_TYPE, URL, DESCRIPTION)
VALUES('2018-04-10 23:15:28', '2018-04-10 23:15:28', '2019-08-20 22:45:50', '1', 'COM003', '공통코드등록', 'APP', 'home/commoncode', '공통코드 등록 프로그램');
INSERT INTO comresource
(CREATED_DT, CREATED_USER_ID, MODIFIED_DT, MODIFIED_USER_ID, RESOURCE_ID, RESOURCE_NAME, RESOURCE_TYPE, URL, DESCRIPTION)
VALUES('2019-08-20 22:48:01', '1', '2019-08-20 22:48:01', '1', 'COM004', '리소스등록', 'APP', 'home/program', '웹 리소스 등록 프로그램');
INSERT INTO comresource
(CREATED_DT, CREATED_USER_ID, MODIFIED_DT, MODIFIED_USER_ID, RESOURCE_ID, RESOURCE_NAME, RESOURCE_TYPE, URL, DESCRIPTION)
VALUES('2018-04-10 23:16:00', '2018-04-10 23:16:00', '2019-08-20 22:48:21', '1', 'COM005', '메뉴등록', 'APP', 'home/menu', '메뉴 등록 프로그램');
INSERT INTO comresource
(CREATED_DT, CREATED_USER_ID, MODIFIED_DT, MODIFIED_USER_ID, RESOURCE_ID, RESOURCE_NAME, RESOURCE_TYPE, URL, DESCRIPTION)
VALUES('2019-08-20 22:50:13', '1', '2019-08-20 22:50:13', '1', 'COM006', '부서코드등록', 'APP', 'home/dept', '부서코드 등록 프로그램');
INSERT INTO comresource
(CREATED_DT, CREATED_USER_ID, MODIFIED_DT, MODIFIED_USER_ID, RESOURCE_ID, RESOURCE_NAME, RESOURCE_TYPE, URL, DESCRIPTION)
VALUES('2018-04-10 23:16:26', '2018-04-10 23:16:26', '2020-10-03 13:59:55', '1', 'COM007', '공휴일등록', 'APP', 'home/holiday', '공휴일등록');
INSERT INTO comresource
(CREATED_DT, CREATED_USER_ID, MODIFIED_DT, MODIFIED_USER_ID, RESOURCE_ID, RESOURCE_NAME, RESOURCE_TYPE, URL, DESCRIPTION)
VALUES('2020-11-17 23:56:05', '1', '2020-11-17 23:56:05', '1', 'COM009', '용어등록', 'APP', '/home/term', '용어사전');
INSERT INTO comresource
(CREATED_DT, CREATED_USER_ID, MODIFIED_DT, MODIFIED_USER_ID, RESOURCE_ID, RESOURCE_NAME, RESOURCE_TYPE, URL, DESCRIPTION)
VALUES('2018-04-10 23:17:23', '2018-04-10 23:17:23', '2018-11-16 05:39:44', 'anonymousUser', 'COM010', '프로그램등록', 'APP', 'home/program', '');
INSERT INTO comresource
(CREATED_DT, CREATED_USER_ID, MODIFIED_DT, MODIFIED_USER_ID, RESOURCE_ID, RESOURCE_NAME, RESOURCE_TYPE, URL, DESCRIPTION)
VALUES('2019-06-06 07:24:39', '1', '2019-06-06 07:24:39', '1', 'COM012', '작업그룹', 'APP', 'home/workgroup', NULL);
INSERT INTO comresource
(CREATED_DT, CREATED_USER_ID, MODIFIED_DT, MODIFIED_USER_ID, RESOURCE_ID, RESOURCE_NAME, RESOURCE_TYPE, URL, DESCRIPTION)
VALUES('2018-10-26 12:47:44', '2018-10-26 12:47:44', '2018-10-26 12:47:44', '1', 'GRP0001', '게시판등록', 'APP', 'home/board', NULL);
INSERT INTO comresource
(CREATED_DT, CREATED_USER_ID, MODIFIED_DT, MODIFIED_USER_ID, RESOURCE_ID, RESOURCE_NAME, RESOURCE_TYPE, URL, DESCRIPTION)
VALUES('2019-04-14 11:10:04', 'anonymousUser', '2019-08-20 23:09:14', '1', 'GRP0002', '작업그룹', 'APP', 'home/workgroup', '작업그룹');
INSERT INTO comresource
(CREATED_DT, CREATED_USER_ID, MODIFIED_DT, MODIFIED_USER_ID, RESOURCE_ID, RESOURCE_NAME, RESOURCE_TYPE, URL, DESCRIPTION)
VALUES('2020-05-01 23:50:44', '1', '2020-05-01 23:50:44', '1', 'GRP0003', '설문', 'APP', 'home/surveyform', NULL);
INSERT INTO comresource
(CREATED_DT, CREATED_USER_ID, MODIFIED_DT, MODIFIED_USER_ID, RESOURCE_ID, RESOURCE_NAME, RESOURCE_TYPE, URL, DESCRIPTION)
VALUES('2020-03-17 21:54:51', '1', '2020-03-17 21:54:51', '1', 'HRM0000', '인사유형등록', 'APP', 'home/hrmtype', NULL);
INSERT INTO comresource
(CREATED_DT, CREATED_USER_ID, MODIFIED_DT, MODIFIED_USER_ID, RESOURCE_ID, RESOURCE_NAME, RESOURCE_TYPE, URL, DESCRIPTION)
VALUES('2020-03-04 22:39:13', '1', '2020-03-04 22:39:13', '1', 'HRM0001', '발령코드등록', 'APP', 'home/appointmentcode', NULL);
INSERT INTO comresource
(CREATED_DT, CREATED_USER_ID, MODIFIED_DT, MODIFIED_USER_ID, RESOURCE_ID, RESOURCE_NAME, RESOURCE_TYPE, URL, DESCRIPTION)
VALUES('2020-03-04 22:39:54', '1', '2020-03-04 22:39:54', '1', 'HRM0002', '인사마스터', 'APP', 'home/employee', '');
INSERT INTO comresource
(CREATED_DT, CREATED_USER_ID, MODIFIED_DT, MODIFIED_USER_ID, RESOURCE_ID, RESOURCE_NAME, RESOURCE_TYPE, URL, DESCRIPTION)
VALUES('2020-03-04 22:40:21', '1', '2020-03-04 22:40:21', '1', 'HRM0003', '발령등록', 'APP', 'home/appointmentledger', NULL);
INSERT INTO comresource
(CREATED_DT, CREATED_USER_ID, MODIFIED_DT, MODIFIED_USER_ID, RESOURCE_ID, RESOURCE_NAME, RESOURCE_TYPE, URL, DESCRIPTION)
VALUES('2020-08-10 22:34:40', '1', '2020-08-10 22:34:40', '1', 'HRM0004', '근무코드관리', 'APP', 'home/dutycode', NULL);
INSERT INTO comresource
(CREATED_DT, CREATED_USER_ID, MODIFIED_DT, MODIFIED_USER_ID, RESOURCE_ID, RESOURCE_NAME, RESOURCE_TYPE, URL, DESCRIPTION)
VALUES('2020-08-10 22:35:05', '1', '2020-08-10 22:35:05', '1', 'HRM0005', '근태신청관리', 'APP', 'home/dutyapplication', NULL);
INSERT INTO comresource
(CREATED_DT, CREATED_USER_ID, MODIFIED_DT, MODIFIED_USER_ID, RESOURCE_ID, RESOURCE_NAME, RESOURCE_TYPE, URL, DESCRIPTION)
VALUES('2020-12-02 22:30:38', '1', '2020-12-02 22:30:38', '1', 'HRM1001', '급여항목코드등록', 'APP', 'home/payitem', NULL);
INSERT INTO comresource
(CREATED_DT, CREATED_USER_ID, MODIFIED_DT, MODIFIED_USER_ID, RESOURCE_ID, RESOURCE_NAME, RESOURCE_TYPE, URL, DESCRIPTION)
VALUES('2020-12-15 22:54:50', '1', '2020-12-15 22:54:50', '1', 'HRM1002', '급여테이블등록', 'APP', 'home/paytable', NULL);
INSERT INTO comresource
(CREATED_DT, CREATED_USER_ID, MODIFIED_DT, MODIFIED_USER_ID, RESOURCE_ID, RESOURCE_NAME, RESOURCE_TYPE, URL, DESCRIPTION)
VALUES('2018-03-01 08:33:43', '2018-03-01 08:33:43', '2018-12-14 16:14:59', '1', 'PROGRAM1', '프로그램1', 'APP', 'home/home', '222');
INSERT INTO comresource
(CREATED_DT, CREATED_USER_ID, MODIFIED_DT, MODIFIED_USER_ID, RESOURCE_ID, RESOURCE_NAME, RESOURCE_TYPE, URL, DESCRIPTION)
VALUES('2019-09-24 22:31:44', '1', '2021-10-11 12:42:31', '1', 'TEST', '테스트프로그램', 'APP', 'home/todo', 'home/relationcode');
INSERT INTO comresource
(CREATED_DT, CREATED_USER_ID, MODIFIED_DT, MODIFIED_USER_ID, RESOURCE_ID, RESOURCE_NAME, RESOURCE_TYPE, URL, DESCRIPTION)
VALUES('2020-02-18 23:46:15', '1', '2020-05-11 22:51:58', '1', 'TEST2', '테스트프로그램2', 'APP', 'home/deptemployeelist', NULL);


INSERT INTO commenugroup
(CREATED_DT, CREATED_USER_ID, MODIFIED_DT, MODIFIED_USER_ID, MENU_GROUP_ID, ORG_CD, MENU_GROUP_CODE, MENU_GROUP_NAME, DESCRIPTION)
VALUES('2018-10-26 07:25:55', '1', '2018-10-26 07:25:55', '1', '001COM', '001', 'COM', '시스템운영', NULL);
INSERT INTO commenugroup
(CREATED_DT, CREATED_USER_ID, MODIFIED_DT, MODIFIED_USER_ID, MENU_GROUP_ID, ORG_CD, MENU_GROUP_CODE, MENU_GROUP_NAME, DESCRIPTION)
VALUES('2018-10-26 12:35:30', '1', '2018-10-26 12:35:30', '1', '001GRP', '001', 'GRP', '그룹웨어', NULL);
INSERT INTO commenugroup
(CREATED_DT, CREATED_USER_ID, MODIFIED_DT, MODIFIED_USER_ID, MENU_GROUP_ID, ORG_CD, MENU_GROUP_CODE, MENU_GROUP_NAME, DESCRIPTION)
VALUES('2020-03-04 22:35:37', '1', '2020-03-04 22:35:37', '1', '001HRM', '001', 'HRM', '인사관리', NULL);


INSERT INTO commenu
(CREATED_DT, CREATED_USER_ID, MODIFIED_DT, MODIFIED_USER_ID, MENU_GROUP_ID, MENU_ID, ORG_CD, MENU_CODE, MENU_NAME, P_MENU_ID, APP_URL, SEQ, LVL, MENU_TYPE)
VALUES('2019-08-20 23:04:05', '1', '2019-08-20 23:04:05', '1', '001COM', '001COM1', '001', '1','시스템', NULL, NULL, 1, 0, 'SUBMENU');
INSERT INTO commenu
(CREATED_DT, CREATED_USER_ID, MODIFIED_DT, MODIFIED_USER_ID, MENU_GROUP_ID, MENU_ID, ORG_CD, MENU_CODE, MENU_NAME, P_MENU_ID, APP_URL, SEQ, LVL, MENU_TYPE)
VALUES('2019-08-20 23:04:05', '1', '2019-08-20 23:04:05', '1', '001COM', '001COM2', '001', '2','사용자등록', '001COM1', 'home/user', 1, 0, 'ITEM');
INSERT INTO commenu
(CREATED_DT, CREATED_USER_ID, MODIFIED_DT, MODIFIED_USER_ID, MENU_GROUP_ID, MENU_ID, ORG_CD, MENU_CODE, MENU_NAME, P_MENU_ID, APP_URL, SEQ, LVL, MENU_TYPE)
VALUES('2019-08-20 23:04:05', '1', '2019-08-20 23:04:05', '1', '001COM', '001COM3', '001', '3','권한등록', '001COM1', 'home/auth', 2, 0, 'ITEM');
INSERT INTO commenu
(CREATED_DT, CREATED_USER_ID, MODIFIED_DT, MODIFIED_USER_ID, MENU_GROUP_ID, MENU_ID, ORG_CD, MENU_CODE, MENU_NAME, P_MENU_ID, APP_URL, SEQ, LVL, MENU_TYPE)
VALUES('2019-08-20 23:04:05', '1', '2019-08-20 23:04:05', '1', '001COM', '001COM4', '001', '4','계층코드등록', '001COM1', 'home/commoncode', 3, 0, 'ITEM');
INSERT INTO commenu
(CREATED_DT, CREATED_USER_ID, MODIFIED_DT, MODIFIED_USER_ID, MENU_GROUP_ID, MENU_ID, ORG_CD, MENU_CODE, MENU_NAME, P_MENU_ID, APP_URL, SEQ, LVL, MENU_TYPE)
VALUES('2019-08-20 23:04:05', '1', '2019-08-20 23:04:05', '1', '001COM', '001COM5', '001', '5','코드등록', '001COM1', 'home/bizcode', 4, 0, 'ITEM');
INSERT INTO commenu
(CREATED_DT, CREATED_USER_ID, MODIFIED_DT, MODIFIED_USER_ID, MENU_GROUP_ID, MENU_ID, ORG_CD, MENU_CODE, MENU_NAME, P_MENU_ID, APP_URL, SEQ, LVL, MENU_TYPE)
VALUES('2019-08-20 23:04:05', '1', '2019-08-20 23:04:05', '1', '001COM', '001COM6', '001', '6','리소스등록', '001COM1', 'home/program', 5, 0, 'ITEM');
INSERT INTO commenu
(CREATED_DT, CREATED_USER_ID, MODIFIED_DT, MODIFIED_USER_ID, MENU_GROUP_ID, MENU_ID, ORG_CD, MENU_CODE, MENU_NAME, P_MENU_ID, APP_URL, SEQ, LVL, MENU_TYPE)
VALUES('2019-08-20 23:04:05', '1', '2019-08-20 23:04:05', '1', '001COM', '001COM7', '001', '7','메뉴등록', '001COM1', 'home/menu', 6, 0, 'ITEM');
INSERT INTO commenu
(CREATED_DT, CREATED_USER_ID, MODIFIED_DT, MODIFIED_USER_ID, MENU_GROUP_ID, MENU_ID, ORG_CD, MENU_CODE, MENU_NAME, P_MENU_ID, APP_URL, SEQ, LVL, MENU_TYPE)
VALUES('2019-08-20 23:04:05', '1', '2019-08-20 23:04:05', '1', '001COM', '001COM8', '001', '8','부서코드등록', '001COM1', 'home/dept', 7, 0, 'ITEM');
INSERT INTO commenu
(CREATED_DT, CREATED_USER_ID, MODIFIED_DT, MODIFIED_USER_ID, MENU_GROUP_ID, MENU_ID, ORG_CD, MENU_CODE, MENU_NAME, P_MENU_ID, APP_URL, SEQ, LVL, MENU_TYPE)
VALUES('2019-08-20 23:04:05', '1', '2019-08-20 23:04:05', '1', '001COM', '001COM9', '001', '9','공휴일등록', '001COM1', 'home/holiday', 8, 0, 'ITEM');
INSERT INTO commenu
(CREATED_DT, CREATED_USER_ID, MODIFIED_DT, MODIFIED_USER_ID, MENU_GROUP_ID, MENU_ID, ORG_CD, MENU_CODE, MENU_NAME, P_MENU_ID, APP_URL, SEQ, LVL, MENU_TYPE)
VALUES('2019-08-20 23:04:05', '1', '2019-08-20 23:04:05', '1', '001COM', '001COM10', '001', '10','용어등록', '001COM1', 'home/term', 9, 0, 'ITEM');
INSERT INTO commenu
(CREATED_DT, CREATED_USER_ID, MODIFIED_DT, MODIFIED_USER_ID, MENU_GROUP_ID, MENU_ID, ORG_CD, MENU_CODE, MENU_NAME, P_MENU_ID, APP_URL, SEQ, LVL, MENU_TYPE)
VALUES('2019-08-20 23:04:05', '1', '2019-08-20 23:04:05', '1', '001GRP', '001GRP1', '001', '1','게시판등록', NULL, 'home/board', 1, 0, 'ITEM');
INSERT INTO commenu
(CREATED_DT, CREATED_USER_ID, MODIFIED_DT, MODIFIED_USER_ID, MENU_GROUP_ID, MENU_ID, ORG_CD, MENU_CODE, MENU_NAME, P_MENU_ID, APP_URL, SEQ, LVL, MENU_TYPE)
VALUES('2019-08-20 23:04:05', '1', '2019-08-20 23:04:05', '1', '001GRP', '001GRP2', '001', '2','작업그룹', NULL, 'home/workgroup', 2, 0, 'ITEM');
INSERT INTO commenu
(CREATED_DT, CREATED_USER_ID, MODIFIED_DT, MODIFIED_USER_ID, MENU_GROUP_ID, MENU_ID, ORG_CD, MENU_CODE, MENU_NAME, P_MENU_ID, APP_URL, SEQ, LVL, MENU_TYPE)
VALUES('2019-08-20 23:04:05', '1', '2019-08-20 23:04:05', '1', '001HRM', '001HRM1', '001', '1','HRM코드관리', NULL, 'home/hrmtype', 1, 0, 'ITEM');
INSERT INTO commenu
(CREATED_DT, CREATED_USER_ID, MODIFIED_DT, MODIFIED_USER_ID, MENU_GROUP_ID, MENU_ID, ORG_CD, MENU_CODE, MENU_NAME, P_MENU_ID, APP_URL, SEQ, LVL, MENU_TYPE)
VALUES('2019-08-20 23:04:05', '1', '2019-08-20 23:04:05', '1', '001HRM', '001HRM2', '001', '2','인사기본관리', NULL, 'home/staff', 2, 0, 'ITEM');


/*
INSERT INTO commenu
(CREATED_DT, CREATED_USER_ID, MODIFIED_DT, MODIFIED_USER_ID, MENU_GROUP_ID, MENU_ID, ORG_CD, MENU_CODE, MENU_NAME, P_MENU_ID, APP_URL, SEQ, LVL, MENU_TYPE)
VALUES('2019-08-20 23:09:41', '1', '2019-08-20 23:09:41', '1', 'GRP', 'GRP0002', '작업그룹', NULL, 'home/workgroup', 0, 0, 'ITEM');
INSERT INTO commenu
(CREATED_DT, CREATED_USER_ID, MODIFIED_DT, MODIFIED_USER_ID, MENU_GROUP_ID, MENU_ID, ORG_CD, MENU_CODE, MENU_NAME, P_MENU_ID, APP_URL, SEQ, LVL, MENU_TYPE)
VALUES('2020-05-01 23:49:59', '1', '2020-05-01 23:50:59', '1', 'GRP', 'GRP0003', '설문', NULL, 'GRP0003', 3, 0, 'ITEM');
INSERT INTO commenu
(CREATED_DT, CREATED_USER_ID, MODIFIED_DT, MODIFIED_USER_ID, MENU_GROUP_ID, MENU_ID, ORG_CD, MENU_CODE, MENU_NAME, P_MENU_ID, APP_URL, SEQ, LVL, MENU_TYPE)
VALUES('2020-03-17 21:55:22', '1', '2020-03-17 21:55:22', '1', 'HRM', 'HRM0000', '인사유형등록', NULL, 'home/hrmtype', 1, 0, 'ITEM');
INSERT INTO commenu
(CREATED_DT, CREATED_USER_ID, MODIFIED_DT, MODIFIED_USER_ID, MENU_GROUP_ID, MENU_ID, ORG_CD, MENU_CODE, MENU_NAME, P_MENU_ID, APP_URL, SEQ, LVL, MENU_TYPE)
VALUES('2020-03-04 22:38:12', '1', '2020-03-04 22:41:38', '1', 'HRM', 'HRM0001', '발령코드등록', NULL, 'home/appointmentcode', 1, 0, 'ITEM');
INSERT INTO commenu
(CREATED_DT, CREATED_USER_ID, MODIFIED_DT, MODIFIED_USER_ID, MENU_GROUP_ID, MENU_ID, ORG_CD, MENU_CODE, MENU_NAME, P_MENU_ID, APP_URL, SEQ, LVL, MENU_TYPE)
VALUES('2020-03-04 22:41:30', '1', '2020-03-04 22:41:41', '1', 'HRM', 'HRM0002', '인사마스터', NULL, 'home/employee', 2, 0, 'ITEM');
INSERT INTO commenu
(CREATED_DT, CREATED_USER_ID, MODIFIED_DT, MODIFIED_USER_ID, MENU_GROUP_ID, MENU_ID, ORG_CD, MENU_CODE, MENU_NAME, P_MENU_ID, APP_URL, SEQ, LVL, MENU_TYPE)
VALUES('2020-03-04 22:42:03', '1', '2020-03-04 22:42:03', '1', 'HRM', 'HRM0003', '발령등록', NULL, 'HRM0003', 3, 0, 'ITEM');
INSERT INTO commenu
(CREATED_DT, CREATED_USER_ID, MODIFIED_DT, MODIFIED_USER_ID, MENU_GROUP_ID, MENU_ID, ORG_CD, MENU_CODE, MENU_NAME, P_MENU_ID, APP_URL, SEQ, LVL, MENU_TYPE)
VALUES('2020-08-10 22:35:40', '1', '2020-08-10 22:35:40', '1', 'HRM', 'HRM0004', '근무코드관리', NULL, 'HRM0004', 5, 0, 'ITEM');
INSERT INTO commenu
(CREATED_DT, CREATED_USER_ID, MODIFIED_DT, MODIFIED_USER_ID, MENU_GROUP_ID, MENU_ID, ORG_CD, MENU_CODE, MENU_NAME, P_MENU_ID, APP_URL, SEQ, LVL, MENU_TYPE)
VALUES('2020-08-10 22:36:00', '1', '2020-08-10 22:36:00', '1', 'HRM', 'HRM0005', '근태신청관리', NULL, 'HRM0005', 6, 0, 'ITEM');
INSERT INTO commenu
(CREATED_DT, CREATED_USER_ID, MODIFIED_DT, MODIFIED_USER_ID, MENU_GROUP_ID, MENU_ID, ORG_CD, MENU_CODE, MENU_NAME, P_MENU_ID, APP_URL, SEQ, LVL, MENU_TYPE)
VALUES('2020-12-02 22:31:17', '1', '2020-12-02 22:31:17', '1', 'HRM', 'HRM1001', '급여항목코드등록', NULL, 'HRM1001', 7, 0, 'ITEM');
INSERT INTO commenu
(CREATED_DT, CREATED_USER_ID, MODIFIED_DT, MODIFIED_USER_ID, MENU_GROUP_ID, MENU_ID, ORG_CD, MENU_CODE, MENU_NAME, P_MENU_ID, APP_URL, SEQ, LVL, MENU_TYPE)
VALUES('2020-12-15 22:55:26', '1', '2021-02-08 23:26:48', '1', 'HRM', 'HRM1002', '급여테이블등록', NULL, 'HRM1002', 8, 0, 'ITEM');
INSERT INTO commenu
(CREATED_DT, CREATED_USER_ID, MODIFIED_DT, MODIFIED_USER_ID, MENU_GROUP_ID, MENU_ID, ORG_CD, MENU_CODE, MENU_NAME, P_MENU_ID, APP_URL, SEQ, LVL, MENU_TYPE)
VALUES('2019-09-24 22:30:46', '1', '2019-09-24 22:31:55', '1', 'COM', 'TEST', '테스트', NULL, 'home/todo', 0, 0, 'ITEM');
*/


INSERT INTO comuser
(user_id, pwd, user_name, non_expired_yn, non_locked_yn, enabled_yn, pass_non_expired_yn, CREATED_DT, CREATED_USER_ID, MODIFIED_DT, MODIFIED_USER_ID, ORG_CD, STAFF_NO) 
VALUES('0011', '$2a$10$2rUCawd6xNfqGlnqMRV.3.1eapi6HJExs5kMqSJS3oULEZGsYmpra', 'test', 1, 1, 1, 1, '2018-10-26 12:48:34.000', '1', '2018-10-26 12:48:34.000', '1', '001', '1');

INSERT INTO comusermenugroup
(CREATED_DT, CREATED_USER_ID, MODIFIED_DT, MODIFIED_USER_ID, USER_ID, MENU_GROUP_ID)
VALUES(NULL, NULL, NULL, NULL, '0011', '001COM');
INSERT INTO comusermenugroup
(CREATED_DT, CREATED_USER_ID, MODIFIED_DT, MODIFIED_USER_ID, USER_ID, MENU_GROUP_ID)
VALUES(NULL, NULL, NULL, NULL, '0011', '001GRP');
INSERT INTO comusermenugroup
(CREATED_DT, CREATED_USER_ID, MODIFIED_DT, MODIFIED_USER_ID, USER_ID, MENU_GROUP_ID)
VALUES(NULL, NULL, NULL, NULL, '0011', '001HRM');

INSERT INTO comauthority
(CREATED_DT, CREATED_USER_ID, MODIFIED_DT, MODIFIED_USER_ID, AUTH_ID, ORG_CD, AUTH_CD, DESCRIPTION)
VALUES('2018-01-27 00:45:10', '0011', '2018-01-27 00:50:39', '0011', '001ROLE_USER' ,'001', 'ROLE_USER', '기본 로그인 권한');

INSERT INTO comtermdomain 
(DOMAIN_ID,CREATED_APP_URL,CREATED_USER_ID,CREATED_HOST_IP,CREATED_DT,MODIFIED_APP_URL,MODIFIED_USER_ID,MODIFIED_HOST_IP,MODIFIED_DT,DATA_TYPE,DB,DOMAIN_NAME)
VALUES ('MYSQL_명','localhost','0011','local','2022-10-13 11:26:29.001925','localhost','0011','local','2022-10-13 11:26:29.001925','VARCHAR(600)','MYSQL','명');
INSERT INTO comtermdomain 
(DOMAIN_ID,CREATED_APP_URL,CREATED_USER_ID,CREATED_HOST_IP,CREATED_DT,MODIFIED_APP_URL,MODIFIED_USER_ID,MODIFIED_HOST_IP,MODIFIED_DT,DATA_TYPE,DB,DOMAIN_NAME)
VALUES ('MYSQL_내용','localhost','0011','local','2022-10-13 11:26:43.114539','localhost','0011','local','2022-10-13 11:26:43.114539','VARCHAR(3000)','MYSQL','내용');
INSERT INTO comtermdomain 
(DOMAIN_ID,CREATED_APP_URL,CREATED_USER_ID,CREATED_HOST_IP,CREATED_DT,MODIFIED_APP_URL,MODIFIED_USER_ID,MODIFIED_HOST_IP,MODIFIED_DT,DATA_TYPE,DB,DOMAIN_NAME)
VALUES ('MYSQL_시간','localhost','0011','local','2022-10-13 11:26:59.447834','localhost','0011','local','2022-10-13 11:26:59.447834','DECIMAL(15,5)','MYSQL','시간');
INSERT INTO comtermdomain 
(DOMAIN_ID,CREATED_APP_URL,CREATED_USER_ID,CREATED_HOST_IP,CREATED_DT,MODIFIED_APP_URL,MODIFIED_USER_ID,MODIFIED_HOST_IP,MODIFIED_DT,DATA_TYPE,DB,DOMAIN_NAME)
VALUES ('MYSQL_금액','localhost','0011','local','2022-10-13 11:27:09.604066','localhost','0011','local','2022-10-13 11:27:09.604066','BIGINT','MYSQL','금액');
INSERT INTO comtermdomain 
(DOMAIN_ID,CREATED_APP_URL,CREATED_USER_ID,CREATED_HOST_IP,CREATED_DT,MODIFIED_APP_URL,MODIFIED_USER_ID,MODIFIED_HOST_IP,MODIFIED_DT,DATA_TYPE,DB,DOMAIN_NAME)
VALUES ('MYSQL_일자','localhost','0011','local','2022-10-13 11:27:16.400074','localhost','0011','local','2022-10-13 11:27:16.400074','DATE','MYSQL','일자');
INSERT INTO comtermdomain 
(DOMAIN_ID,CREATED_APP_URL,CREATED_USER_ID,CREATED_HOST_IP,CREATED_DT,MODIFIED_APP_URL,MODIFIED_USER_ID,MODIFIED_HOST_IP,MODIFIED_DT,DATA_TYPE,DB,DOMAIN_NAME)
VALUES ('MYSQL_일시','localhost','0011','local','2022-10-13 11:27:27.100763','localhost','0011','local','2022-10-13 11:27:27.100763','DATETIME','MYSQL','일시');

/* 인사시스템 코드분류 */
INSERT INTO HRMCODETYPE
(TYPE_ID,CREATED_APP_URL,CREATED_USER_ID,CREATED_HOST_IP,CREATED_DT,MODIFIED_APP_URL,MODIFIED_USER_ID,MODIFIED_HOST_IP,MODIFIED_DT,CMT,TYPE_NM,PRT_SEQ)
VALUES('HR0001','localhost','0011','local','2022-10-19 09:05:20.049672','localhost','0011','local','2022-10-19 09:05:20.049672',null,'직군','1');
INSERT INTO HRMCODETYPE
(TYPE_ID,CREATED_APP_URL,CREATED_USER_ID,CREATED_HOST_IP,CREATED_DT,MODIFIED_APP_URL,MODIFIED_USER_ID,MODIFIED_HOST_IP,MODIFIED_DT,CMT,TYPE_NM,PRT_SEQ)
VALUES('HR0002','localhost','0011','local','2022-10-19 09:07:15.395665','localhost','0011','local','2022-10-19 09:07:15.395665',null,'직위','2');
INSERT INTO HRMCODETYPE
(TYPE_ID,CREATED_APP_URL,CREATED_USER_ID,CREATED_HOST_IP,CREATED_DT,MODIFIED_APP_URL,MODIFIED_USER_ID,MODIFIED_HOST_IP,MODIFIED_DT,CMT,TYPE_NM,PRT_SEQ)
VALUES('HR0003','localhost','0011','local','2022-10-19 09:07:49.229451','localhost','0011','local','2022-10-19 09:07:49.229451',null,'직종','3');
INSERT INTO HRMCODETYPE
(TYPE_ID,CREATED_APP_URL,CREATED_USER_ID,CREATED_HOST_IP,CREATED_DT,MODIFIED_APP_URL,MODIFIED_USER_ID,MODIFIED_HOST_IP,MODIFIED_DT,CMT,TYPE_NM,PRT_SEQ)
VALUES('HR0004','localhost','0011','local','2022-10-19 09:08:07.266898','localhost','0011','local','2022-10-19 09:08:07.266898',null,'직급','4');
INSERT INTO HRMCODETYPE
(TYPE_ID,CREATED_APP_URL,CREATED_USER_ID,CREATED_HOST_IP,CREATED_DT,MODIFIED_APP_URL,MODIFIED_USER_ID,MODIFIED_HOST_IP,MODIFIED_DT,CMT,TYPE_NM,PRT_SEQ)
VALUES('HR0005','localhost','0011','local','2022-10-19 09:08:43.059795','localhost','0011','local','2022-10-19 09:08:43.059795',null,'호봉','5');
INSERT INTO HRMCODETYPE
(TYPE_ID,CREATED_APP_URL,CREATED_USER_ID,CREATED_HOST_IP,CREATED_DT,MODIFIED_APP_URL,MODIFIED_USER_ID,MODIFIED_HOST_IP,MODIFIED_DT,CMT,TYPE_NM,PRT_SEQ)
VALUES('HR0006','localhost','0011','local','2022-10-19 09:08:57.150427','localhost','0011','local','2022-10-19 09:08:57.150427',null,'직무','6');
INSERT INTO HRMCODETYPE
(TYPE_ID,CREATED_APP_URL,CREATED_USER_ID,CREATED_HOST_IP,CREATED_DT,MODIFIED_APP_URL,MODIFIED_USER_ID,MODIFIED_HOST_IP,MODIFIED_DT,CMT,TYPE_NM,PRT_SEQ)
VALUES('HR0007','localhost','0011','local','2022-10-19 09:09:18.141513','localhost','0011','local','2022-10-19 09:09:18.141513',null,'직책','7');

/* 인사시스템 코드 */
INSERT INTO HRMCODE
(CREATED_DT,CREATED_USER_ID,CREATED_HOST_IP,CREATED_APP_URL,MODIFIED_DT,MODIFIED_USER_ID,MODIFIED_HOST_IP,MODIFIED_APP_URL,TYPE_ID,CODE,CODE_NM,USE_YN,PRT_SEQ,CMT)
VALUES('2022-10-24 16:18:33.86797','0011','local','local','2022-10-24 16:18:33.86797','0011','local','local','HR0001','A','A직군','TRUE','1','null');
INSERT INTO HRMCODE
(CREATED_DT,CREATED_USER_ID,CREATED_HOST_IP,CREATED_APP_URL,MODIFIED_DT,MODIFIED_USER_ID,MODIFIED_HOST_IP,MODIFIED_APP_URL,TYPE_ID,CODE,CODE_NM,USE_YN,PRT_SEQ,CMT)
VALUES('2022-10-24 16:18:42.808674','0011','local','local','2022-10-24 16:18:48.292712','0011','local','local','HR0001','B','B직군','TRUE','2','null');
INSERT INTO HRMCODE
(CREATED_DT,CREATED_USER_ID,CREATED_HOST_IP,CREATED_APP_URL,MODIFIED_DT,MODIFIED_USER_ID,MODIFIED_HOST_IP,MODIFIED_APP_URL,TYPE_ID,CODE,CODE_NM,USE_YN,PRT_SEQ,CMT)
VALUES('2022-10-24 16:52:19.49663','0011','local','local','2022-10-24 16:52:19.49663','0011','local','local','HR0001','C','C직군','TRUE','3','null');
INSERT INTO HRMCODE
(CREATED_DT,CREATED_USER_ID,CREATED_HOST_IP,CREATED_APP_URL,MODIFIED_DT,MODIFIED_USER_ID,MODIFIED_HOST_IP,MODIFIED_APP_URL,TYPE_ID,CODE,CODE_NM,USE_YN,PRT_SEQ,CMT)
VALUES('2022-10-24 16:19:55.397871','0011','local','local','2022-10-24 16:19:55.397871','0011','local','local','HR0002','101','사원','TRUE','1','null');
INSERT INTO HRMCODE
(CREATED_DT,CREATED_USER_ID,CREATED_HOST_IP,CREATED_APP_URL,MODIFIED_DT,MODIFIED_USER_ID,MODIFIED_HOST_IP,MODIFIED_APP_URL,TYPE_ID,CODE,CODE_NM,USE_YN,PRT_SEQ,CMT)
VALUES('2022-10-24 16:20:02.895075','0011','local','local','2022-10-24 16:20:06.248014','0011','local','local','HR0002','102','대리','TRUE','2','null');
INSERT INTO HRMCODE
(CREATED_DT,CREATED_USER_ID,CREATED_HOST_IP,CREATED_APP_URL,MODIFIED_DT,MODIFIED_USER_ID,MODIFIED_HOST_IP,MODIFIED_APP_URL,TYPE_ID,CODE,CODE_NM,USE_YN,PRT_SEQ,CMT)
VALUES('2022-10-24 16:20:21.227098','0011','local','local','2022-10-24 16:20:21.227098','0011','local','local','HR0002','103','과장','TRUE','3','null');
INSERT INTO HRMCODE
(CREATED_DT,CREATED_USER_ID,CREATED_HOST_IP,CREATED_APP_URL,MODIFIED_DT,MODIFIED_USER_ID,MODIFIED_HOST_IP,MODIFIED_APP_URL,TYPE_ID,CODE,CODE_NM,USE_YN,PRT_SEQ,CMT)
VALUES('2022-10-24 16:20:32.577012','0011','local','local','2022-10-24 16:20:32.577012','0011','local','local','HR0002','104','차장','TRUE','4','null');
INSERT INTO HRMCODE
(CREATED_DT,CREATED_USER_ID,CREATED_HOST_IP,CREATED_APP_URL,MODIFIED_DT,MODIFIED_USER_ID,MODIFIED_HOST_IP,MODIFIED_APP_URL,TYPE_ID,CODE,CODE_NM,USE_YN,PRT_SEQ,CMT)
VALUES('2022-10-24 16:20:39.200901','0011','local','local','2022-10-24 16:20:39.200901','0011','local','local','HR0002','105','부장','TRUE','5','null');
INSERT INTO HRMCODE
(CREATED_DT,CREATED_USER_ID,CREATED_HOST_IP,CREATED_APP_URL,MODIFIED_DT,MODIFIED_USER_ID,MODIFIED_HOST_IP,MODIFIED_APP_URL,TYPE_ID,CODE,CODE_NM,USE_YN,PRT_SEQ,CMT)
VALUES('2022-10-24 16:21:13.699779','0011','local','local','2022-10-24 16:21:13.699779','0011','local','local','HR0003','101','생산직','TRUE','1','null');
INSERT INTO HRMCODE
(CREATED_DT,CREATED_USER_ID,CREATED_HOST_IP,CREATED_APP_URL,MODIFIED_DT,MODIFIED_USER_ID,MODIFIED_HOST_IP,MODIFIED_APP_URL,TYPE_ID,CODE,CODE_NM,USE_YN,PRT_SEQ,CMT)
VALUES('2022-10-24 16:21:23.408517','0011','local','local','2022-10-24 16:21:23.408517','0011','local','local','HR0003','102','사무직','TRUE','2','null');
INSERT INTO HRMCODE
(CREATED_DT,CREATED_USER_ID,CREATED_HOST_IP,CREATED_APP_URL,MODIFIED_DT,MODIFIED_USER_ID,MODIFIED_HOST_IP,MODIFIED_APP_URL,TYPE_ID,CODE,CODE_NM,USE_YN,PRT_SEQ,CMT)
VALUES('2022-10-24 16:21:13.699779','0011','local','local','2022-10-24 16:21:13.699779','0011','local','local','HR0004','A1','1급','TRUE','1','null');
INSERT INTO HRMCODE
(CREATED_DT,CREATED_USER_ID,CREATED_HOST_IP,CREATED_APP_URL,MODIFIED_DT,MODIFIED_USER_ID,MODIFIED_HOST_IP,MODIFIED_APP_URL,TYPE_ID,CODE,CODE_NM,USE_YN,PRT_SEQ,CMT)
VALUES('2022-10-24 16:21:13.699779','0011','local','local','2022-10-24 16:21:13.699779','0011','local','local','HR0004','A2','2급','TRUE','2','null');
INSERT INTO HRMCODE
(CREATED_DT,CREATED_USER_ID,CREATED_HOST_IP,CREATED_APP_URL,MODIFIED_DT,MODIFIED_USER_ID,MODIFIED_HOST_IP,MODIFIED_APP_URL,TYPE_ID,CODE,CODE_NM,USE_YN,PRT_SEQ,CMT)
VALUES('2022-10-24 16:21:13.699779','0011','local','local','2022-10-24 16:21:13.699779','0011','local','local','HR0004','A3','3급','TRUE','3','null');
INSERT INTO HRMCODE
(CREATED_DT,CREATED_USER_ID,CREATED_HOST_IP,CREATED_APP_URL,MODIFIED_DT,MODIFIED_USER_ID,MODIFIED_HOST_IP,MODIFIED_APP_URL,TYPE_ID,CODE,CODE_NM,USE_YN,PRT_SEQ,CMT)
VALUES('2022-10-24 16:54:31.899184','0011','local','local','2022-10-24 16:54:31.899184','0011','local','local','HR0005','01','1호봉','TRUE','1','null');
INSERT INTO HRMCODE
(CREATED_DT,CREATED_USER_ID,CREATED_HOST_IP,CREATED_APP_URL,MODIFIED_DT,MODIFIED_USER_ID,MODIFIED_HOST_IP,MODIFIED_APP_URL,TYPE_ID,CODE,CODE_NM,USE_YN,PRT_SEQ,CMT)
VALUES('2022-10-24 16:54:41.245272','0011','local','local','2022-10-24 16:54:41.245272','0011','local','local','HR0005','02','2호봉','TRUE','2','null');
INSERT INTO HRMCODE
(CREATED_DT,CREATED_USER_ID,CREATED_HOST_IP,CREATED_APP_URL,MODIFIED_DT,MODIFIED_USER_ID,MODIFIED_HOST_IP,MODIFIED_APP_URL,TYPE_ID,CODE,CODE_NM,USE_YN,PRT_SEQ,CMT)
VALUES('2022-10-24 16:53:20.887482','0011','local','local','2022-10-24 16:53:20.887482','0011','local','local','HR0006','1001','사무원','TRUE','0','null');
INSERT INTO HRMCODE
(CREATED_DT,CREATED_USER_ID,CREATED_HOST_IP,CREATED_APP_URL,MODIFIED_DT,MODIFIED_USER_ID,MODIFIED_HOST_IP,MODIFIED_APP_URL,TYPE_ID,CODE,CODE_NM,USE_YN,PRT_SEQ,CMT)
VALUES('2022-10-24 16:54:14.399605','0011','local','local','2022-10-24 16:54:14.399605','0011','local','local','HR0007','101','팀장','TRUE','1','null');




